https://en.economy.gov.ru/material/press/interviews/maksim_oreshkin_i_am_neither_an_optimist_nor_pessimist_i_am_a_realist.html;32560
https://en.economy.gov.ru/material/news/economy_without_virus/the_president_has_addressed_to_the_russian_citizens.html;21920
https://en.economy.gov.ru/material/press/interviews/oreshkin_about_debts_of_the_population_a_four_day_week_and_the_necessity_to_extend_the_self_employment_experiment_to_the_entire_country.html;19796
https://en.economy.gov.ru/material/press/interviews/maxim_oreshkin_rbc_its_time_to_move_from_fiscal_consolidation_to_development.html;15091
https://en.economy.gov.ru/material/press/interviews/maxim_oreshkin_about_the_new_system_of_assessing_the_work_of_heads_of_regions.html;12846
https://en.economy.gov.ru/;12660
https://en.economy.gov.ru/material/press/official_position/maxim_reshetnikov_dampening_mechanisms_will_protect_against_fluctuations_in_external_prices_and_support_investment_in_the_agro_industrial_complex.html;12496
https://en.economy.gov.ru/material/structure/;11565
https://en.economy.gov.ru/material/activities/investment_activity/;11127
https://en.economy.gov.ru/material/news/maxim_reshetnikov_ippa_mechanism_is_launched.html;10707
https://en.economy.gov.ru/material/press/interviews/maxim_oreshkin_on_cooperation_with_china_credit_regulation_and_rosstat.html;10374
https://en.economy.gov.ru/material/activities/technological_development/;10165
https://en.economy.gov.ru/material/news/economy_without_virus/;9910
https://en.economy.gov.ru/material/departments/d11/;9864
https://en.economy.gov.ru/material/departments/d11/?page=;9760
https://en.economy.gov.ru/material/activities/national_project_small_and_medium_sized_businesses_and_support_of_individual_entrepreneurial_initiatives/?page=;9644
https://en.economy.gov.ru/material/departments/d04/;9552
https://en.economy.gov.ru/material/activities/foreign_economic_activity/?page=;9541
https://en.economy.gov.ru/material/departments/d25/;9526
https://en.economy.gov.ru/material/news/economy_without_virus/ministry_of_economic_development_launched_monitoring_of_violations_of_bans_on_enterprise_inspections.html;9495
https://en.economy.gov.ru/material/activities/foreign_economic_activity/;9441
https://en.economy.gov.ru/material/departments/d30/;9411
https://en.economy.gov.ru/material/departments/d07/;9397
https://en.economy.gov.ru/material/departments/d18/;9379
https://en.economy.gov.ru/material/activities/state_management/;9372
https://en.economy.gov.ru/material/departments/d12/?page=;9360
https://en.economy.gov.ru/material/activities/national_project_small_and_medium_sized_businesses_and_support_of_individual_entrepreneurial_initiatives/;9356
https://en.economy.gov.ru/material/departments/d12/;9339
https://en.economy.gov.ru/material/departments/d25/?page=;9332
https://en.economy.gov.ru/material/activities/national_project_labor_productivity/?page=;9326
https://en.economy.gov.ru/material/activities/regional_development/;9324
https://en.economy.gov.ru/material/activities/state_management/?page=;9303
https://en.economy.gov.ru/material/departments/d05/;9286
https://en.economy.gov.ru/material/activities/national_project_labor_productivity/;9285
https://en.economy.gov.ru/material/departments/d22/;9252
https://en.economy.gov.ru/material/news/fedulov_bylaws_on_digital_sandbox_are_planned_to_be_adopted_in_early_autumn.html;9238
https://en.economy.gov.ru/material/departments/d05/?page=;9218
https://en.economy.gov.ru/material/departments/d30/?page=;9197
https://en.economy.gov.ru/material/departments/d01/?page=;9159
https://en.economy.gov.ru/material/departments/d01/;9149
https://en.economy.gov.ru/material/departments/d22/?page=;9138
https://en.economy.gov.ru/material/departments/d31/;9110
https://en.economy.gov.ru/material/appeals/send_electronic_appeal/;9102
https://en.economy.gov.ru/material/departments/d13/;9100
https://en.economy.gov.ru/material/departments/d14/;9098
https://en.economy.gov.ru/material/news/russia_and_china_agreed_on_a_new_list_of_significant_projects_worth_over_usd_120_bln.html;9095
https://en.economy.gov.ru/material/news/polina_badasen_the_ministry_of_economic_development_estimates_the_target_scenario_realization_probability_as_high.html;9067
https://en.economy.gov.ru/material/departments/d13/?page=;9048
https://en.economy.gov.ru/material/activities/regional_development/?page=;9045
https://en.economy.gov.ru/material/departments/d24/?page=;9044
https://en.economy.gov.ru/material/departments/d10/;9016
https://en.economy.gov.ru/material/departments/d08/;8987
https://en.economy.gov.ru/material/departments/d14/?page=;8931
https://en.economy.gov.ru/material/news/;8929
https://en.economy.gov.ru/material/press/interviews/maxim_oreshkin_on_the_way_with_geneva.html;8911
https://en.economy.gov.ru/material/departments/d29/;8903
https://en.economy.gov.ru/material/departments/d09/?page=;8902
https://en.economy.gov.ru/material/news/maxim_reshetnikov_has_presented_to_the_government_of_the_russian_federation_a_medium_term_forecast_of_social_and_economic_development_of_the_country.html;8877
https://en.economy.gov.ru/material/news/andrei_belousov_first_ippas_will_create_a_number_of_jobs_equivalent_to_the_population_of_a_city.html;8875
https://en.economy.gov.ru/material/departments/d26/;8869
https://en.economy.gov.ru/material/departments/d10/?page=;8867
https://en.economy.gov.ru/material/departments/d09/;8829
https://en.economy.gov.ru/material/departments/d24/;8821
https://en.economy.gov.ru/material/departments/d37/;8763
https://en.economy.gov.ru/material/departments/;8716
https://en.economy.gov.ru/material/departments/d27/;8682
https://en.economy.gov.ru/material/news/subcommission_for_customs_tariff_regulation_supported_the_increase_in_duties_on_cereals_to_protect_consumers_in_the_russian_federation.html;8660
https://en.economy.gov.ru/material/news/reshetnikov_brics_countries_have_strengthened_their_positions_in_the_global_economy.html;8620
https://en.economy.gov.ru/material/activities/macroeconomics/;8567
https://en.economy.gov.ru/material/news/tatyana_ilyushnikova_names_regions_leading_in_the_implementation_of_the_sme_national_project_in_2020.html;8539
https://en.economy.gov.ru/material/news/300_million_rubles_were_granted_to_companies_for_the_promotion_of_audiovisual_and_it_products_abroad_until_2022.html;8478
https://en.economy.gov.ru/material/news/schneider_electric_will_join_the_expert_council_for_sustainable_development_under_the_russian_ministry_of_economic_development.html;8410
https://en.economy.gov.ru/material/news/mikhail_babich_we_need_to_create_a_barrier_free_environment_for_business_in_the_eaeu.html;8360
https://en.economy.gov.ru/material/departments/d28/;8285
https://en.economy.gov.ru/material/news/dmitry_volvach_urged_to_intensify_cooperation_between_the_business_communities_of_russia_and_armenia.html;8241
https://en.economy.gov.ru/material/activities/investment_activity/?page=;8222
https://en.economy.gov.ru/material/departments/d04/?page=;8217
https://en.economy.gov.ru/material/news/maxim_reshetnikov_russia_is_interested_in_cooperation_with_germany_in_the_development_of_renewable_energy_sources.html;8217
https://en.economy.gov.ru/material/news/maxim_reshetnikov_in_2022_we_will_start_verification_of_climatic_projects_in_accordance_with_international_standards.html;8172
https://en.economy.gov.ru/material/news/the_president_has_signed_laws_on_mandatory_requirements_and_state_control.html;8147
https://en.economy.gov.ru/material/news/oksana_tarasenko_spoke_about_the_staged_introduction_of_artificial_intelligence_in_the_economy_and_social_sphere.html;8135
https://en.economy.gov.ru/material/news/maxim_reshetnikov_the_sme_national_project_is_fully_adapted_to_the_new_economic_reality.html;8123
https://en.economy.gov.ru/material/news/the_number_of_volunteers_in_russia_has_increased_more_than_fivefold_in_8_years.html;8111
https://en.economy.gov.ru/material/news/maxim_reshetnikov_it_is_important_to_create_an_incentive_system_to_reduce_co2_emissions.html;8109
https://en.economy.gov.ru/material/news/maxim_reshetnikov_low_carbon_development_should_be_a_source_of_economic_growth_not_a_brake_on_it.html;8108
https://en.economy.gov.ru/material/departments/d31/?page=;8104
https://en.economy.gov.ru/material/departments/d23/;8097
https://en.economy.gov.ru/material/news/ministry_of_economic_development_of_russia_teachers_will_receive_state_support_for_the_development_of_digital_skills.html;8079
https://en.economy.gov.ru/material/news/russian_ministry_of_economic_development_and_sme_corporation_will_evaluate_effectiveness_of_digital_services_for_entrepreneurs.html;8079
https://en.economy.gov.ru/material/news/dmitry_volvach_joint_production_areas_are_a_promising_line_of_cooperation_in_the_eaeu.html;8060
https://en.economy.gov.ru/material/departments/d02/;8059
https://en.economy.gov.ru/material/news/maxim_reshetnikov_and_members_of_the_russian_chamber_of_commerce_and_industry_discussed_the_eaeu_issues.html;8049
https://en.economy.gov.ru/material/news/ministry_of_economic_development_23_of_comments_related_to_business_costs_threat_are_taken_into_account_in_ria.html;8042
https://en.economy.gov.ru/material/news/economy_without_virus/maxim_reshetnikov_concerning_new_criteria_for_selection_to_systemically_important_enterprises_list.html;8014
https://en.economy.gov.ru/material/news/the_head_of_the_ministry_of_economic_development_suggested_the_g20_countries_to_strengthen_the_smes_integration_in_international_trade.html;7998
https://en.economy.gov.ru/material/news/wto_adopts_the_declaration_on_services_domestic_regulation_reducing_business_costs_of_member_countries.html;7982
https://en.economy.gov.ru/material/news/reshetnikov_and_babich_have_taken_part_in_the_meeting_of_the_heads_of_government_of_the_eeu_states_in_minsk.html;7968
https://en.economy.gov.ru/material/departments/d16/;7967
https://en.economy.gov.ru/material/news/the_ministry_of_economic_development_proposed_to_cancel_fees_for_export_of_processed_products_of_foreign_goods_produced_in_the_russian_federation.html;7928
https://en.economy.gov.ru/material/news/eec_council_was_held_in_moscow_in_full_time_format_for_the_first_time_since_coronavirus_pandemic_started.html;7924
https://en.economy.gov.ru/material/news/g20_experts_discussed_access_to_vaccines_sme_facilitation_trade_in_services_and_investments_under_the_new_conditions.html;7912
https://en.economy.gov.ru/material/news/dmitry_volvach_cis_mutual_trade_exceeds_pre_pandemic_level_in_first_half_of_2021.html;7900
https://en.economy.gov.ru/material/news/the_apec_economy_ministers_have_come_to_an_agreement_on_the_uniform_macroeconomic_policy_in_order_to_overcome_the_pandemic_consequences.html;7876
https://en.economy.gov.ru/material/news/russia_improved_its_ranking_on_3_positions_in_doing_business_2020_ranking.html;7875
https://en.economy.gov.ru/material/news/russias_second_trade_policy_review_took_place_at_the_wto.html;7864
https://en.economy.gov.ru/material/news/tatyana_ilyushnikova_transition_from_utii_to_other_tax_regimes_should_not_be_a_shock_for_entrepreneurs.html;7853
https://en.economy.gov.ru/material/activities/human_capital/;7800
https://en.economy.gov.ru/material/news/the_ministry_of_economic_development_has_summed_up_the_results_of_the_best_mfc_2019_contest.html;7800
https://en.economy.gov.ru/material/news/maxim_reshetnikov_russia_is_interested_in_cooperation_with_germany_in_the_field_of_hydrogen_energy.html;7783
https://en.economy.gov.ru/material/news/the_state_duma_adopted_in_the_first_reading_draft_laws_on_the_reform_of_control_and_supervisory_activities.html;7782
https://en.economy.gov.ru/material/news/apec_trade_ministers_agree_to_jointly_fight_green_protectionism.html;7779
https://en.economy.gov.ru/material/news/med_offered_german_business_to_join_the_experiment_on_trading_in_greenhouse_gas_emission_quotas_in_sakhalin.html;7771
https://en.economy.gov.ru/material/news/fiac_executive_committee_discusses_implementation_of_measures_to_improve_conditions_for_foreign_businesses_in_russia.html;7764
https://en.economy.gov.ru/material/news/maxim_reshetnikov_mutual_trade_between_russia_and_china_may_reach_a_historical_maximum_this_year.html;7760
https://en.economy.gov.ru/material/news/strengthened_partnership_and_greater_investments_seen_as_key_as_russia_prepares_to_host_aiib_2022_annual_meeting.html;7757
https://en.economy.gov.ru/material/news/russia_and_germany_will_work_out_ways_to_make_it_easier_for_russian_exporters_to_enter_the_german_market.html;7739
https://en.economy.gov.ru/material/news/wto_dispute_settlement_body_has_found_no_significant_violations_in_russias_restrictions_on_ukrainian_rail_products.html;7728
https://en.economy.gov.ru/material/news/mikhail_babich_tourism_may_become_a_driver_of_karachay_cherkessia_development.html;7697
https://en.economy.gov.ru/material/news/maxim_reshetnikov_discussed_the_climate_agenda_and_regional_development_in_russia_with_the_world_bank_representatives.html;7675
https://en.economy.gov.ru/material/news/ministry_of_economic_development_of_russia_launched_a_dialogue_on_sustainable_financing_with_the_countries_of_northeast_asia.html;7669
https://en.economy.gov.ru/material/news/apec_ministers_approve_a_list_of_environmental_services_for_their_further_liberalization.html;7667
https://en.economy.gov.ru/material/news/mikhail_babich_creation_of_the_grozny_sez_encourages_the_creation_of_new_jobs.html;7664
https://en.economy.gov.ru/material/news/the_ministry_of_economic_development_proposes_to_extend_the_moratorium_on_scheduled_inspections_of_small_businesses_until_the_end_of_2021.html;7656
https://en.economy.gov.ru/material/news/maksim_reshetnikov_our_budget_system_is_protected_from_all_external_budget_shocks_no_matter_what_the_economy_forecast.html;7649
https://en.economy.gov.ru/material/news/maxim_reshetnikov_states_measures_on_the_climate_agenda_need_to_be_consistent_with_the_tasks_of_economic_recovery_after_the_pandemic.html;7645
https://en.economy.gov.ru/material/news/economy_without_virus/ministry_of_economic_development_the_validity_of_70_types_of_permits_is_extended_automatically.html;7643
https://en.economy.gov.ru/material/news/russian_ministry_of_economic_development_presented_the_public_services_information_system_to_the_world_bank_and_the_government_of_argentina.html;7642
https://en.economy.gov.ru/material/news/maxim_reshetnikov_russia_is_ready_to_share_its_know_how_in_the_field_of_digital_technologies_with_the_sco_countries_.html;7625
https://en.economy.gov.ru/material/news/the_ministry_of_economic_development_has_proposed_to_create_a_single_digital_platform_for_smes_in_the_brics_countries.html;7616
https://en.economy.gov.ru/material/news/russia_and_china_will_soon_agree_on_an_action_plan_to_achieve_a_200_billion_trade_turnover.html;7615
https://en.economy.gov.ru/material/news/vladimir_ilyichev_the_cross_year_will_serve_as_an_impulse_for_mutually_beneficial_interaction_of_the_regions_of_russia_and_france.html;7607
https://en.economy.gov.ru/material/news/ministry_of_economic_development_of_russia_proposed_a_list_of_priorities_to_improve_energy_efficiency.html;7603
https://en.economy.gov.ru/material/departments/d37/?page=;7602
https://en.economy.gov.ru/material/news/the_ministry_of_economic_development_suggests_converting_business_document_flow_to_electronic_format.html;7565
https://en.economy.gov.ru/material/news/ilya_torosov_the_ppp_projects_market_has_grown_30_times_in_a_decade_and_retains_the_potential_for_growth.html;7554
https://en.economy.gov.ru/material/news/ministry_of_economic_development_proposed_to_start_a_discussion_at_the_wto_on_distortions_of_competition.html;7542
https://en.economy.gov.ru/material/news/maxim_reshetnikov_invited_french_business_to_participate_in_infrastructure_projects_in_the_russian_federation.html;7541
https://en.economy.gov.ru/material/news/maxim_reshetnikov_suggested_launching_the_brics_dialogue_on_climate_and_economy.html;7533
https://en.economy.gov.ru/material/news/g20_trade_ministers_say_climate_change_measures_must_comply_with_wto_rules.html;7528
https://en.economy.gov.ru/material/news/the_ministry_of_economic_development_has_published_a_rating_of_the_top_50_most_popular_professions_in_the_it_sector.html;7523
https://en.economy.gov.ru/material/news/national_project_labour_productivity_and_employment_support_gets_digitalized.html;7519
https://en.economy.gov.ru/material/news/project_of_the_ministry_of_economic_development_you_will_only_need_a_photo_to_reissue_your_passport.html;7517
https://en.economy.gov.ru/material/news/economy_without_virus/maksim_reshetnikov_discussed_joint_steps_to_counter_the_coronavirus_with_the_g20_trade_ministers.html;7515
https://en.economy.gov.ru/material/news/economic_development_ministry_invited_german_business_to_strive_for_transparent_rules_of_the_climate_agenda_implementation.html;7514
https://en.economy.gov.ru/material/news/maxim_reshetnikov_introduces_key_areas_for_working_together_after_the_pandemic_to_asia_pacific_businesses.html;7504
https://en.economy.gov.ru/material/news/maxim_reshetnikov_economic_growth_is_impossible_without_personal_income_growth.html;7503
https://en.economy.gov.ru/material/news/the_working_group_of_the_intergovernmental_commission_has_prepared_new_projects_worth_10_billion_for_discussion_with_china.html;7495
https://en.economy.gov.ru/material/news/the_ministry_of_economic_development_presented_a_new_road_map_within_the_tbc_framework.html;7487
https://en.economy.gov.ru/material/news/nti_interagency_working_group_supported_new_high_tech_projects.html;7467
https://en.economy.gov.ru/material/news/reshetnikov_and_ederer_agreed_that_free_trade_and_investment_would_boost_the_economy_of_both_russia_and_the_eu.html;7466
https://en.economy.gov.ru/material/news/russia_will_offer_china_new_joint_projects_worth_20_billion_dollars.html;7463
https://en.economy.gov.ru/material/news/the_ministry_of_economic_development_of_russia_has_updated_the_plan_of_measures_to_improve_energy_efficiency_of_the_economy.html;7459
https://en.economy.gov.ru/material/news/reshetnikov_the_mechanism_for_providing_subsidies_for_cost_compensation_under_the_ippa_will_be_replaced_by_a_tax_deduction.html;7451
https://en.economy.gov.ru/material/news/wto_secretariat_noted_russias_role_in_the_work_of_the_organization_in_2020_including_on_the_environmental_agenda.html;7450
https://en.economy.gov.ru/material/news/the_eaeu_will_create_a_common_system_of_fiscal_monitoring_of_the_goods_turnover_in_mutual_trade.html;7447
https://en.economy.gov.ru/material/news/dmitry_volvach_took_part_in_the_opening_of_the_exhibition_together_on_eu_russia_cross_border_cooperation.html;7442
https://en.economy.gov.ru/material/news/maxim_reshetnikov_met_with_the_head_of_the_wef_brge_brende.html;7437
https://en.economy.gov.ru/material/news/the_legislative_draft_on_digital_sandboxes_developed_by_the_ministry_of_economic_development_has_passed_its_first_reading_in_the_state_duma.html;7433
https://en.economy.gov.ru/material/news/economy_without_virus/med_elbrus_and_arkhyz_should_driver_the_growth_in_the_economies_of_the_regions_of_the_north_caucasus_federal_district.html;7427
https://en.economy.gov.ru/material/news/mikhail_babich_we_do_not_consider_the_development_of_russia_separately_from_the_eurasian_economic_union.html;7423
https://en.economy.gov.ru/material/news/the_supreme_eurasian_economic_council_has_approved_the_main_macroeconomic_goals_of_the_eaeu_countries_for_the_next_2_years.html;7422
https://en.economy.gov.ru/material/news/torosov_changes_to_the_law_on_ppp_will_launch_new_infrastructure_projects_in_the_regions.html;7421
https://en.economy.gov.ru/material/news/maxim_reshetnikov_russia_and_kazakhstan_will_synchronise_climate_regulation_systems.html;7417
https://en.economy.gov.ru/material/news/alexey_khersontsev_the_on_site_inspection_should_be_a_last_resort_in_the_new_control_system.html;7411
https://en.economy.gov.ru/material/news/the_ministry_of_economic_development_will_ensure_a_systematic_approach_to_promoting_investment_in_sustainable_development_in_russia.html;7407
https://en.economy.gov.ru/material/news/the_ministry_of_economic_development_has_simplified_the_procedure_for_submitting_applications_to_the_north_caucasus_development_corporation_for_state_support_of_investment_projects.html;7403
https://en.economy.gov.ru/material/news/economy_without_virus/ministry_of_economic_development_of_russia_proposed_measures_to_support_business_in_control_supervision_and_licensing_activities.html;7402
https://en.economy.gov.ru/material/news/in_the_20202021_season_a_new_ski_track_will_open_on_elbrus.html;7401
https://en.economy.gov.ru/material/news/russian_woman_has_won_the_competition_of_international_projects_for_women_entrepreneurs_of_apec_countries.html;7396
https://en.economy.gov.ru/material/news/the_all_russian_competition_the_best_social_project_of_the_year_has_become_an_indicator_of_the_development_of_social_entrepreneurship_in_russia.html;7395
https://en.economy.gov.ru/material/news/economy_without_virus/the_ministry_of_economic_development_the_number_of_business_inspections_per_week_decreased_by_10.html;7394
https://en.economy.gov.ru/material/news/the_government_has_approved_the_concept_of_regulating_ai_and_robotics_technologies.html;7394
https://en.economy.gov.ru/material/news/russia_and_vietnam_have_discussed_joint_investment_projects.html;7391
https://en.economy.gov.ru/material/news/financial_state_support_of_socially_oriented_ngos_increased_by_almost_60_in_2019.html;7389
https://en.economy.gov.ru/material/news/mikhail_babich_we_shall_ensure_macroeconomic_stability_in_the_face_of_a_pandemic.html;7383
https://en.economy.gov.ru/material/news/natalia_stapran_summarized_the_results_of_the_ministry_of_economic_developments_work_on_multilateral_platforms_in_2020.html;7381
https://en.economy.gov.ru/material/news/maxim_reshetnikov_the_free_trade_zone_agreement_between_the_eaeu_and_egypt_should_improve_conditions_for_exporters_from_the_russian_federation.html;7378
https://en.economy.gov.ru/material/news/russias_foreign_trade_turnover_with_cis_countries_amounted_to_usd_676_bln_in_9_months.html;7369
https://en.economy.gov.ru/material/news/maxim_reshetnikov_economic_growth_is_impossible_without_an_increase_in_income_of_the_population.html;7366
https://en.economy.gov.ru/material/departments/d26/?page=;7358
https://en.economy.gov.ru/material/news/economy_without_virus/ilyushnikova_there_was_no_sharp_increase_in_the_number_of_enterprises_closing.html;7355
https://en.economy.gov.ru/material/departments/d17/;7351
https://en.economy.gov.ru/material/departments/d19/;7351
https://en.economy.gov.ru/material/news/maxim_reshetnikov_discussed_the_implications_of_the_eus_cross_border_carbon_regulation_with_the_german_economics_minister.html;7347
https://en.economy.gov.ru/material/departments/d03/;7345
https://en.economy.gov.ru/material/news/a_pilot_project_to_transfer_7_social_services_to_mfc_is_being_launched_in_four_regions.html;7342
https://en.economy.gov.ru/material/news/andrey_ivanov_it_is_important_to_form_a_single_standard_of_work_on_attracting_investments_for_the_implementation_of_the_ippa_mechanism_in_the_regions.html;7338
https://en.economy.gov.ru/material/news/the_wto_has_adopted_a_package_of_documents_to_support_the_participation_of_msmes_in_international_trade.html;7337
https://en.economy.gov.ru/material/news/experts_have_evaluated_the_most_effective_special_economic_zones_in_russia.html;7335
https://en.economy.gov.ru/material/news/maxim_reshetnikov_arrived_with_a_working_visit_to_the_astrakhan_region.html;7335
https://en.economy.gov.ru/material/news/the_ministry_of_economic_development_emphasized_the_importance_of_coordination_of_the_eaeu_countries_positions_on_the_climate_agenda.html;7334
https://en.economy.gov.ru/material/news/the_russian_ministry_of_economic_development_has_prepared_a_draft_law_on_amendments_to_the_law_on_energy_saving_and_energy_.html;7327
https://en.economy.gov.ru/material/news/the_ministry_of_economic_development_of_russia_will_help_the_omsk_region_to_create_a_special_economic_zone.html;7319
https://en.economy.gov.ru/material/news/the_ministry_of_economic_development_will_ensure_that_the_bankruptcy_procedure_is_accessible_and_easy_for_russians.html;7313
https://en.economy.gov.ru/material/news/yulia_nesterchuk_labeling_goods_allows_ensuring_their_digital_traceability_throughout_the_eeu_territory.html;7313
https://en.economy.gov.ru/material/news/maxim_reshetnikov_invited_the_sco_countries_to_coordinate_trade_policies_to_resist_green_protectionism.html;7312
https://en.economy.gov.ru/material/news/oksana_tarasenko_support_of_domestic_ai_based_developments_is_a_priority_of_the_federal_project.html;7309
https://en.economy.gov.ru/material/news/digitalisation_of_russias_patent_system_recognized_at_the_wto_council_meeting_for_trips.html;7306
https://en.economy.gov.ru/material/news/oksana_tarasenko_moscow_has_the_potential_to_become_the_world_innovative_capital.html;7304
https://en.economy.gov.ru/material/news/russia_increased_non_resource_exports_to_china_in_2020.html;7304
https://en.economy.gov.ru/material/news/maxim_reshetnikov_the_climate_agenda_will_be_a_key_topic_in_the_development_of_eu_russia_economic_ties.html;7303
https://en.economy.gov.ru/material/news/economy_without_virus/construction_of_a_new_ski_trail_on_elbrus_begins.html;7301
https://en.economy.gov.ru/material/news/economy_without_virus/economic_bloc_of_the_russian_government_prepares_the_second_package_of_support_measures_for_smes_and_enterprises.html;7298
https://en.economy.gov.ru/material/news/maxim_oreshkin_labor_productivity_is_not_about_how_much_people_work_but_about_how_little_unnecessary_work_they_do.html;7295
https://en.economy.gov.ru/material/news/savva_shipov_mandatory_requirements_shall_be_divided_into_risk_levels.html;7291
https://en.economy.gov.ru/material/news/the_government_has_approved_the_dqo_action_plan_in_the_field_of_corporate_governance.html;7284
https://en.economy.gov.ru/material/news/maxim_reshetnikov_russia_aims_for_active_cooperation_with_the_new_wto_director_general.html;7282
https://en.economy.gov.ru/material/news/economy_without_virus/businesses_and_sonkos_can_avail_of_subsidies_for_decontaminating_equipment_starting_from_july_15.html;7279
https://en.economy.gov.ru/material/news/oksana_tarasenko_by_2024_it_is_planned_to_implement_at_least_50_projects_for_testing_ai_technologies.html;7275
https://en.economy.gov.ru/material/news/maxim_reshetnikov_discussed_preparations_for_glasgow_climate_conference_with_eu_ambassador_to_russia.html;7272
https://en.economy.gov.ru/material/news/maxim_reshetnikov_eu_carbon_tax_should_take_into_account_the_russias_contribution_to_solving_climate_challenges.html;7272
https://en.economy.gov.ru/material/news/the_ministry_of_economic_development_proposed_measures_reducing_operating_costs_of_2_million_vehicles_to_40_billion_rubles_within_three_years.html;7266
https://en.economy.gov.ru/material/news/ilya_torosov_all_major_players_of_the_countrys_banking_system_are_involved_in_implementing_business_support_measures.html;7263
https://en.economy.gov.ru/material/news/representatives_of_russia_and_france_agreed_to_develop_cooperation_in_the_field_of_innovation.html;7260
https://en.economy.gov.ru/material/news/economy_without_virus/about_300_thousand_applications_were_received_from_entrepreneurs_and_sonpo_to_get_subsidies_for_the_prevention_of_coronavirus_infection.html;7257
https://en.economy.gov.ru/material/news/ministry_of_economic_development_and_the_eec_hold_seminars_for_foreign_business_on_changing_the_law_in_the_eeu.html;7257
https://en.economy.gov.ru/material/news/russia_and_china_discuss_the_terms_of_the_energy_transition_until_2035.html;7257
https://en.economy.gov.ru/material/news/vladislav_fedulov_elr_can_be_introduced_in_85_days.html;7254
https://en.economy.gov.ru/material/press/official_position/;7254
https://en.economy.gov.ru/material/appeals/;7251
https://en.economy.gov.ru/material/news/the_ministry_of_economic_development_sro_have_formed_compensation_funds_in_the_amount_of_1244_billion_rubles.html;7251
https://en.economy.gov.ru/material/news/the_state_duma_has_adopted_the_draft_law_on_mandatory_requirements_in_the_russian_federation_in_the_third_reading.html;7247
https://en.economy.gov.ru/material/news/reshetnikov_the_sez_creation_in_the_astrakhan_region_is_important_for_the_development_of_the_region_and_the_country.html;7245
https://en.economy.gov.ru/material/news/natalia_stapran_russias_exports_to_vietnam_grew_by_428_in_2020.html;7243
https://en.economy.gov.ru/material/news/a_new_ski_resort_with_2_thousand_rooms_will_appear_in_north_ossetia.html;7237
https://en.economy.gov.ru/material/news/vladimir_ilyichev_russia_and_france_need_to_intensify_cooperation_on_the_green_agenda.html;7235
https://en.economy.gov.ru/material/news/ministry_of_economic_development_and_the_embassy_of_the_peoples_republic_of_china_in_russia_discuss_the_development_of_e_commerce_cooperation_with_businesses.html;7231
https://en.economy.gov.ru/material/news/ministry_of_economic_development_advocates_for_pragmatic_approach_to_negotiations_on_fishing_subsidies_at_wto.html;7223
https://en.economy.gov.ru/material/news/ministry_of_economic_development_of_russia_contends_with_ruling_of_the_wto_appellate_body_in_the_dispute_initiated_by_ukraine_against_russia_concerning_imports_of_ukrainian_waggons_and_railway_equipment.html;7219
https://en.economy.gov.ru/material/news/the_russian_federation_proposed_to_unify_the_rules_of_international_trade_in_case_of_emergency.html;7219
https://en.economy.gov.ru/material/news/economy_without_virus/ministry_of_economic_development_demand_for_msc_services_gradually_returns_to_pre_quarantine_indicators.html;7214
https://en.economy.gov.ru/material/news/economy_without_virus/12_billion_rubles_were_additionally_allocated_to_the_national_sme_project.html;7212
https://en.economy.gov.ru/material/news/alexander_molodtsov_spoke_about_the_first_platform_solutions_of_the_digital_ecosystem_of_the_national_project_labor_productivity.html;7208
https://en.economy.gov.ru/material/news/economy_without_virus/state_duma_defends_rights_of_sme_tenants_belonging_to_the_affected_sectors.html;7208
https://en.economy.gov.ru/material/news/economy_without_virus/ministry_of_economic_development_head_2_preferential_loans_have_helped_to_support_3_mln_jobs.html;7206
https://en.economy.gov.ru/material/news/anna_popova_a_platform_for_interregional_dialogue_in_the_sco_region_should_be_developed.html;7205
https://en.economy.gov.ru/material/news/economy_without_virus/maxim_reshetnikov_scope_of_smes_lending_program_implementation_under_the_national_project_exceeded_the_year_2019_level.html;7202
https://en.economy.gov.ru/material/news/reshetnikov_the_national_project_for_smes_is_in_the_process_of_updating.html;7199
https://en.economy.gov.ru/material/news/the_ministry_of_economic_development_has_approved_the_methodology_for_measuring_the_level_of_development_of_public_private_partnerships_in_regions.html;7199
https://en.economy.gov.ru/material/news/reshetnikov_has_taken_part_in_a_meeting_of_the_security_council_on_the_introduction_of_a_carbon_tax_in_the_eu.html;7195
https://en.economy.gov.ru/material/news/the_ministry_of_economic_development_has_resumed_the_operation_of_the_elbrus_resort_after_the_removal_of_quarantine_restrictions.html;7195
https://en.economy.gov.ru/material/news/russia_is_ready_to_provide_expertise_for_the_project_to_move_the_capital_of_indonesia_to_kalimantan.html;7193
https://en.economy.gov.ru/material/news/the_state_duma_has_adopted_the_bill_on_state_control_in_the_third_reading.html;7191
https://en.economy.gov.ru/material/news/ministry_of_economic_development_made_changes_to_the_program_of_preferential_loans_for_sme.html;7183
https://en.economy.gov.ru/material/news/vadim_zhivulin_consulted_entrepreneurs_at_my_business_center.html;7183
https://en.economy.gov.ru/material/news/economy_without_virus/ministry_of_economic_development_a_mechanism_has_been_created_for_remote_sample_collection_during_product_certification.html;7181
https://en.economy.gov.ru/material/news/the_first_meeting_of_the_russian_chinese_standing_working_group_on_cooperation_in_the_field_of_service_trade_was_held_at_the_ministry_of_economic_development_of_the_russian_federation.html;7181
https://en.economy.gov.ru/material/news/aiib_approved_sovereign_loan_for_russia_amounting_to_500_million.html;7176
https://en.economy.gov.ru/material/news/state_duma_promoted_a_bill_to_support_very_risky_innovative_and_technological_projects.html;7175
https://en.economy.gov.ru/material/news/ministerial_meeting_of_russia_and_asean_approves_cooperation_programme_to_2025.html;7172
https://en.economy.gov.ru/material/news/the_ministry_of_economic_development_proposes_to_increase_the_availability_of_information_about_mandatory_requirements.html;7172
https://en.economy.gov.ru/material/news/vladislav_fedulov_the_state_has_a_mechanism_for_testing_new_technologies_in_the_framework_of_legal_sandboxes_including_methods_and_approaches_for_ensuring_information_security.html;7170
https://en.economy.gov.ru/material/news/maxim_reshetnikov_trade_between_russia_and_qatar_does_not_meet_the_capabilities_of_both_countries.html;7160
https://en.economy.gov.ru/material/news/economy_without_virus/about_250_thousand_applications_were_received_from_entrepreneurs_and_sonpo_to_get_subsidies_for_the_prevention_of_coronavirus_infection.html;7157
https://en.economy.gov.ru/material/news/the_ministry_of_economic_development_proposes_to_optimize_the_procedure_for_accreditation_and_conformity_assessment.html;7156
https://en.economy.gov.ru/material/news/russia_and_asean_elaborate_recommendations_for_cooperation_to_overcome_the_pandemic_spin_off_effects.html;7153
https://en.economy.gov.ru/material/news/the_ministry_of_economic_development_proposes_to_expand_opportunities_for_attracting_investment_in_the_innovation_sector.html;7153
https://en.economy.gov.ru/material/news/mikhail_rasstrigin_ratification_of_the_paris_agreement_is_a_necessary_step_under_the_framework_of_the_global_transition_to_low_carbon_development.html;7151
https://en.economy.gov.ru/material/departments/d25/news.html;7148
https://en.economy.gov.ru/material/news/ministry_of_economic_development_the_registry_model_will_optimize_the_work_of_licensing_agencies_and_reduce_paper_document_flow.html;7146
https://en.economy.gov.ru/material/news/timur_maksimov_a_unified_digital_platform_will_help_develop_smes_in_russia_and_india.html;7139
https://en.economy.gov.ru/material/departments/d02/?page=;7136
https://en.economy.gov.ru/material/news/the_head_of_the_rf_ministry_of_economic_development_suggested_his_colleagues_in_the_sco_to_develop_uniform_operation_rules_for_digital_ecosystems.html;7136
https://en.economy.gov.ru/material/news/by_the_end_of_july_karelia_altai_and_tuva_will_receive_additional_funds_for_individual_development_programs.html;7130
https://en.economy.gov.ru/material/news/the_ministry_of_economic_development_updates_the_strategy_of_social_and_economic_development_of_the_north_caucasus_federal_district_until_2025.html;7128
https://en.economy.gov.ru/material/news/reshetnikov_crimea_needs_to_introduce_new_tools_to_boost_economic_growth.html;7127
https://en.economy.gov.ru/material/news/the_ministry_of_economic_development_proposed_priority_issues_for_cooperation_in_northeast_asia.html;7126
https://en.economy.gov.ru/material/news/economy_without_virus/maxim_reshetnikov_subsidies_to_businesses_for_personal_protective_equipment_will_allow_resuming_their_operation_more_quickly.html;7124
https://en.economy.gov.ru/material/news/privileges_to_participants_of_the_free_economic_zone_in_crimea_will_be_extended.html;7123
https://en.economy.gov.ru/material/news/vladimir_ilyichev_russia_is_ready_to_share_information_security_technologies_with_other_countries.html;7115
https://en.economy.gov.ru/material/news/economy_without_virus/all_russia_peoples_front_in_mscs_will_explain_to_people_the_russian_citizens_and_economy_support_measures_taken_by_the_russian_president_and_the_government.html;7114
https://en.economy.gov.ru/material/news/vladimir_ilyichev_russia_is_ready_to_share_the_best_technological_solutions_with_other_countries.html;7113
https://en.economy.gov.ru/material/news/ilya_torosov_growth_in_demand_for_green_bonds_is_steadily_accelerating_by_50_per_year.html;7112
https://en.economy.gov.ru/material/news/ministry_of_economic_development_the_number_of_requests_for_public_services_in_electronic_form_has_increased_by_500_thousand_per_week.html;7112
https://en.economy.gov.ru/material/news/arkhyz_resort_welcomes_guests_again.html;7109
https://en.economy.gov.ru/material/news/maxim_reshetnikov_discussed_the_implications_of_the_eus_cross_border_carbon_regulation_with_the_french_ecological_transition_minister.html;7109
https://en.economy.gov.ru/material/news/tatyana_ilyushnikova_the_state_expands_infrastructure_for_the_self_employed.html;7107
https://en.economy.gov.ru/material/news/shchur_trukhanovich_in_the_context_of_covid_restrictions_in_the_economy_it_is_important_to_constantly_be_in_touch_with_exporters.html;7106
https://en.economy.gov.ru/material/news/natalia_stapran_it_is_a_new_area_of_cooperation_between_russia_and_vietnam.html;7103
https://en.economy.gov.ru/material/news/the_federation_council_has_approved_the_law_on_the_right_to_risk.html;7097
https://en.economy.gov.ru/material/news/russian_ministry_of_economic_development_helps_dagestan_in_creating_a_sez_within_the_tyube_industrial_park.html;7092
https://en.economy.gov.ru/material/news/russia_and_the_peoples_republic_of_china_signed_the_memorandum_on_creating_a_venture_fund.html;7091
https://en.economy.gov.ru/material/news/the_ministry_of_economic_development_of_russia_fully_implements_state_policy_in_the_north_caucasus_federal_district.html;7089
https://en.economy.gov.ru/material/news/the_ministry_of_economic_development_has_presented_a_draft_methodology_for_calculating_indicators_of_time_and_financial_costs_for_exports_from_the_russian_federation.html;7088
https://en.economy.gov.ru/material/news/the_arbitration_group_has_supported_russia_in_the_wto_dispute_with_the_eu_on_energy_adjustments.html;7078
https://en.economy.gov.ru/material/news/maxim_oreshkin_russian_federation_promotes_initiative_of_france_on_global_companies_taxation.html;7077
https://en.economy.gov.ru/material/news/the_ministry_of_economic_development_has_proposed_to_secure_the_donations_collection.html;7076
https://en.economy.gov.ru/material/news/maxim_reshetnikov_invited_france_to_step_up_cooperation_in_the_development_of_the_green_sector_of_the_economy.html;7075
https://en.economy.gov.ru/material/news/the_ministry_of_economic_development_is_preparing_a_comprehensive_plan_to_improve_the_energy_efficiency_of_the_russian_economy.html;7070
https://en.economy.gov.ru/material/news/a_new_ski_track_is_being_built_at_elbrus.html;7069
https://en.economy.gov.ru/material/news/russia_became_a_co_founder_of_the_international_coordination_center_for_energy_efficiency.html;7069
https://en.economy.gov.ru/material/news/russia_and_kyrgyzstan_have_agreed_on_cooperation_in_national_projects.html;7067
https://en.economy.gov.ru/material/news/businesses_with_revenues_of_more_than_30_billion_rubles_will_be_able_to_join_the_national_project_to_improve_labor_productivity.html;7066
https://en.economy.gov.ru/material/news/the_ministry_of_economic_development_has_proposed_to_include_new_infrastructure_facilities_in_the_state_program_for_the_development_of_crimea.html;7064
https://en.economy.gov.ru/material/news/the_ministry_of_economic_development_of_the_russian_federation_discussed_the_prospects_for_the_development_of_rebate_and_the_implementation_of_the_adaptation_program_for_russian_audiovisual_and_it_products.html;7063
https://en.economy.gov.ru/material/news/russia_and_cambodia_approved_a_list_of_promising_investment_projects.html;7058
https://en.economy.gov.ru/material/news/the_ministry_of_economic_development_together_with_5_regions_plans_to_conduct_an_experiment_on_the_provision_of_public_services_in_banks.html;7055
https://en.economy.gov.ru/material/news/the_digital_ecosystem_one_contact_and_new_financial_instruments_will_be_the_key_innovations_of_the_updated_national_project_to_support_small_and_medium_sized_businesses.html;7054
https://en.economy.gov.ru/material/news/the_best_projects_of_public_service_centers_are_awarded_by_the_ministry_of_economic_development_of_russia.html;7053
https://en.economy.gov.ru/material/news/mendeleev_valley_innovation_scientific_and_technological_centre_of_new_generation_created.html;7052
https://en.economy.gov.ru/material/news/maxim_oreshkin_cooperation_between_regions_of_russia_and_tajikistan_will_increase.html;7049
https://en.economy.gov.ru/material/news/maxim_reshetnikov_we_plan_to_reduce_credit_rates_for_preferential_programs_for_businesses.html;7048
https://en.economy.gov.ru/material/news/economy_without_virus/ministry_of_economic_development_proposes_to_ease_requirements_for_existing_preferential_microloans_and_guarantees_for_smes.html;7047
https://en.economy.gov.ru/material/news/maksim_oreshkin_45_regions_will_be_trained_to_work_in_my_business_centers.html;7047
https://en.economy.gov.ru/material/departments/d05/news.html;7045
https://en.economy.gov.ru/material/news/ministry_of_economic_development_proposes_to_decriminalize_minor_damage_to_critical_information_infrastructure.html;7045
https://en.economy.gov.ru/material/news/government_approved_the_national_activity_plan_for_the_first_stage_of_climate_change_adaptation_until_2022.html;7044
https://en.economy.gov.ru/material/news/natalia_stapran_the_focus_on_sustainability_is_the_window_to_economic_opportunities_for_russian_companies.html;7042
https://en.economy.gov.ru/material/news/maxim_reshetnikov_and_the_chairman_of_the_state_duma_committee_on_economic_policy_have_discussed_the_forecast_on_the_social_and_economic_development_and_ippa_legislation.html;7041
https://en.economy.gov.ru/material/activities/;7040
https://en.economy.gov.ru/material/news/the_ministry_of_economic_development_experiment_on_pre_trial_appeal_will_affect_the_most_widespread_types_of_control.html;7040
https://en.economy.gov.ru/material/news/the_ministry_of_economic_development_of_the_russian_federation_has_prepared_a_draft_long_term_development_strategy_with_low_greenhouse_gas_emissions_to_2050.html;7040
https://en.economy.gov.ru/material/news/the_ministry_of_economic_development_discussed_with_business_the_place_of_russia_in_the_market_of_carbon_units.html;7038
https://en.economy.gov.ru/material/news/maxim_reshetnikov_discussed_the_climate_agenda_and_cross_border_carbon_regulation_with_the_first_vice_president_of_the_european_commission.html;7035
https://en.economy.gov.ru/material/news/about_400_thousand_applications_were_received_from_entrepreneurs_and_sonpo_to_get_subsidies_for_measures_to_prevent_coronavirus_infection.html;7034
https://en.economy.gov.ru/material/departments/d13/news.html;7032
https://en.economy.gov.ru/material/news/alexey_khersontsev_the_international_trade_law_should_meet_the_new_challenges.html;7032
https://en.economy.gov.ru/material/news/med_russia_has_eliminated_three_barriers_for_the_eeu_states.html;7026
https://en.economy.gov.ru/material/departments/d30/news.html;7024
https://en.economy.gov.ru/material/news/altai_karelia_and_tuva_have_received_the_first_tranche_for_the_implementation_of_individual_development_programs.html;7024
https://en.economy.gov.ru/material/news/sergey_galkin_the_ministry_of_economic_development_simplifies_the_regulatory_requirements_for_working_with_regions.html;7024
https://en.economy.gov.ru/material/news/the_ministry_of_economic_development_of_russia_has_proposed_to_simplify_currency_regulation_for_russian_service_exporters.html;7024
https://en.economy.gov.ru/material/news/the_ministry_of_economic_development_proposes_to_simplify_the_execution_of_legislative_instruments_within_the_regulatory_guillotine.html;7024
https://en.economy.gov.ru/material/news/tourist_flow_to_the_north_caucasus_spas_arkhyz_and_veduchi_has_increased_by_70_in_september.html;7024
https://en.economy.gov.ru/material/departments/d12/news.html;7023
https://en.economy.gov.ru/material/news/a_number_of_wto_member_states_agreed_with_russias_concerns_about_eu_cross_border_carbon_regulation.html;7022
https://en.economy.gov.ru/material/news/economy_without_virus/the_government_listed_cottage_industries_and_vending_as_affected_industries.html;7022
https://en.economy.gov.ru/material/news/maxim_reshetnikov_the_coronavirus_pandemic_did_not_prevent_the_implementation_of_important_russian_japanese_projects.html;7022
https://en.economy.gov.ru/material/news/the_state_duma_has_adopted_a_law_on_extrajudicial_bankruptcy_of_citizens.html;7022
https://en.economy.gov.ru/material/news/since_september_1_out_of_court_bankruptcy_will_allow_citizens_to_get_rid_of_unaffordable_debts.html;7020
https://en.economy.gov.ru/material/news/the_head_of_the_ministry_of_economic_development_and_the_interim_head_of_chuvashia_discussed_the_implementation_of_business_support_programs_in_the_region.html;7020
https://en.economy.gov.ru/material/news/ministry_of_economic_development_half_of_the_revenue_from_the_sale_of_personalized_licence_plates_will_be_credited_to_regional_budgets.html;7018
https://en.economy.gov.ru/material/departments/d01/news.html;7017
https://en.economy.gov.ru/material/news/by_september_1_the_federal_target_program_of_crimea_and_sebastopol_has_created_2200_new_training_places.html;7016
https://en.economy.gov.ru/material/news/the_free_economic_zone_has_attracted_more_than_rub_106_billion_of_investments_into_the_crimea.html;7016
https://en.economy.gov.ru/material/news/sergey_galkin_implementation_of_the_individual_development_program_of_the_republic_of_karelia_has_been_given_a_good_start.html;7014
https://en.economy.gov.ru/material/news/pilot_project_digital_mfc_is_launched_in_4_regions.html;7010
https://en.economy.gov.ru/material/news/economy_without_virus/ministry_of_economic_development_of_russia_presented_criteria_and_procedure_for_selection_to_the_list_of_systemically_important_enterprises.html;7008
https://en.economy.gov.ru/material/news/maksim_oreshkin_agreements_reached_at_rised_will_become_the_basis_for_the_russian_indian_strategy_of_action.html;7004
https://en.economy.gov.ru/material/departments/d11/news.html;6996
https://en.economy.gov.ru/material/news/the_ministry_of_economic_development_supported_the_measures_that_reduce_costs_to_business.html;6996
https://en.economy.gov.ru/material/activities/human_capital/?page=;6990
https://en.economy.gov.ru/material/news/representatives_of_russia_and_france_came_to_agreement_to_activate_cooperation_between_twin_cities.html;6990
https://en.economy.gov.ru/material/news/russia_and_kazakhstan_aim_to_compensate_for_the_decline_in_trade_turnover_in_2021.html;6990
https://en.economy.gov.ru/material/news/the_share_of_vehicles_equipped_with_glonass_increased_by_6_in_2019.html;6990
https://en.economy.gov.ru/material/news/the_ministry_of_economic_development_has_submitted_a_new_version_of_the_draft_law_on_control_to_the_state_duma.html;6989
https://en.economy.gov.ru/material/news/the_updating_of_the_national_project_labor_productivity_and_employment_support_is_focused_on_achieving_public_deliverables.html;6987
https://en.economy.gov.ru/material/news/aleksander_molodtsov_the_first_businesses_will_be_connected_to_the_digital_ecosystem_by_the_end_of_2021.html;6986
https://en.economy.gov.ru/material/news/ministry_of_economic_development_of_russia_developed_new_rules_for_monitoring_the_concessionaire_agreements_including_for_the_budgetary_obligations_evaluation.html;6985
https://en.economy.gov.ru/material/press/official_position/ilya_torosov_bankruptcy_procedure_will_be_as_convenient_as_possible.html;6985
https://en.economy.gov.ru/material/news/training_of_the_first_students_of_the_program_export_growth_accelerator_started_in_moscow.html;6983
https://en.economy.gov.ru/material/news/maksim_oreshkin_artificial_intelligence_will_increase_labor_productivity.html;6982
https://en.economy.gov.ru/material/activities/foreign_economic_activity/news.html;6979
https://en.economy.gov.ru/material/news/the_government_will_legally_protect_the_interests_of_venture_investors.html;6979
https://en.economy.gov.ru/material/news/ministry_of_economic_development_proposes_to_reduce_the_number_of_documents_submitted_for_public_services.html;6978
https://en.economy.gov.ru/material/news/reshetnikov_open_cooperation_is_a_prerequisite_for_the_recovery_and_development_of_the_world_economy.html;6978
https://en.economy.gov.ru/material/news/maxim_reshetnikov_the_far_east_needs_to_modernize_small_scale_energy_facilities.html;6977
https://en.economy.gov.ru/material/news/eaeu_countries_begin_to_develop_common_approaches_to_the_climate_agenda.html;6976
https://en.economy.gov.ru/material/news/amendments_to_bct_plan_implementation_rules_are_prepared.html;6975
https://en.economy.gov.ru/material/news/maxim_reshetnikov_and_dmitry_azarov_have_discussed_the_development_of_the_samara_region.html;6974
https://en.economy.gov.ru/material/news/the_ministry_of_economic_development_has_held_an_international_round_table_on_the_economic_effects_of_the_transition_to_remote_work.html;6974
https://en.economy.gov.ru/material/news/government_of_the_russian_federation_signed_a_decree_of_cancellation_of_the_mandatory_requirements_in_the_sphere_of_accreditation_prepared_by_the_ministry_of_economic_development.html;6973
https://en.economy.gov.ru/material/news/maxim_reshetnikov_we_are_far_from_being_overly_optimistic.html;6970
https://en.economy.gov.ru/material/news/vladimir_ilyichev_russia_is_ready_to_share_the_sco_the_best_practices_in_the_field_of_digitalization.html;6970
https://en.economy.gov.ru/material/news/increased_duty_on_wheat_exports_as_a_measure_to_protect_the_domestic_market_came_into_force_in_russia.html;6968
https://en.economy.gov.ru/material/news/economy_without_virus/the_amount_of_delays_in_leasing_state_property_may_amount_to_115_billion_rubles_in_2020.html;6966
https://en.economy.gov.ru/material/news/ministry_of_economic_development_helps_ingushetia_to_solve_the_problem_of_lack_of_funds_for_project_documentation_development.html;6964
https://en.economy.gov.ru/material/news/nine_new_regions_have_joined_the_labor_productivity_national_project.html;6964
https://en.economy.gov.ru/material/news/over_15_years_special_economic_zones_have_attracted_more_than_445_billion_in_investment.html;6964
https://en.economy.gov.ru/material/news/maxim_reshetnikov_the_opportunities_within_the_labor_productivity_national_project_will_be_extended_for_crimean_enterprises.html;6959
https://en.economy.gov.ru/material/news/the_sub_commission_on_customs_tariff_regulation_supported_the_introduction_of_tariff_quotas_for_the_export_of_grain_crops.html;6957
https://en.economy.gov.ru/material/news/konstantin_limitovsky_is_appointed_vice_president_of_the_asian_infrastructure_investment_bank.html;6956
https://en.economy.gov.ru/material/news/maxim_reshetnikov_and_denis_pasler_have_discussed_the_development_of_the_orenburg_region.html;6955
https://en.economy.gov.ru/material/departments/d15/;6954
https://en.economy.gov.ru/material/news/tatiana_ilyushnikova_the_digital_platform_will_help_smes_find_a_niche_for_the_development_.html;6950
https://en.economy.gov.ru/material/activities/national_project_small_and_medium_sized_businesses_and_support_of_individual_entrepreneurial_initiatives/news.html;6946
https://en.economy.gov.ru/material/news/economy_without_virus/the_meds_experts_in_the_field_of_labor_productivity_have_helped_to_increase_the_production_of_medical_protective_equipment_by_38_times.html;6944
https://en.economy.gov.ru/material/news/oksana_tarasenko_business_is_a_principal_driving_force_of_artificial_intelligence_technologies_development.html;6944
https://en.economy.gov.ru/material/news/single_industry_towns_will_retain_the_right_to_state_support_when_changing_their_status_to_a_municipal_district.html;6943
https://en.economy.gov.ru/material/news/vladimir_ilyichev_thanked_germany_for_support_of_the_nord_stream_2_project.html;6943
https://en.economy.gov.ru/material/news/ministry_of_economic_development_considers_the_best_business_initiatives_for_inclusion_in_smes_national_project.html;6942
https://en.economy.gov.ru/material/news/ministry_of_economic_development_of_russia_discussed_the_concept_of_management_of_change_in_the_field_of_digital_economy_control.html;6942
https://en.economy.gov.ru/material/news/ministry_of_economic_development_of_russia_prepared_information_and_analytical_review_on_ppp_development_in_russia.html;6942
https://en.economy.gov.ru/material/news/expanded_list_of_automatically_renewed_authorisations_and_licenses.html;6941
https://en.economy.gov.ru/material/news/mikhail_babich_the_virus_is_not_a_reason_to_close_down.html;6939
https://en.economy.gov.ru/material/news/alga_sez_is_ready_to_receive_the_first_residents.html;6938
https://en.economy.gov.ru/material/news/maxim_oreshkin_russia_stands_for_the_wto_geography_expansion.html;6938
https://en.economy.gov.ru/material/news/maksim_reshetnikov_the_ministry_of_economic_development_will_help_regional_business_to_establish_cooperation_with_rf_trade_missions_to_support_export.html;6935
https://en.economy.gov.ru/material/news/ministry_of_economic_development_of_russia_discussed_key_tasks_for_the_year_2020_with_the_chiefs_of_the_north_caucasus_constituents.html;6932
https://en.economy.gov.ru/material/departments/d26/news.html;6931
https://en.economy.gov.ru/material/news/fedulov_an_experiment_on_delivery_of_cargo_by_drones_is_planned_in_the_tomsk_region.html;6931
https://en.economy.gov.ru/material/press/official_symbols/;6923
https://en.economy.gov.ru/material/news/ilya_torosov_for_the_first_time_in_russia_a_classification_of_green_activities_for_sustainable_investment_will_appear.html;6921
https://en.economy.gov.ru/material/news/maxim_reshetnikov_the_digital_platform_for_smes_will_operate_in_a_proactive_mode.html;6921
https://en.economy.gov.ru/material/news/the_russian_government_has_supported_the_draft_law_on_mandatory_electronic_format_of_statistical_reports.html;6921
https://en.economy.gov.ru/material/news/russia_and_germany_signed_a_declaration_on_increasing_labor_productivity.html;6919
https://en.economy.gov.ru/material/news/the_labor_productivity_national_project_ranked_in_the_top_five_in_terms_of_performance_in_2020.html;6917
https://en.economy.gov.ru/material/departments/d10/news.html;6915
https://en.economy.gov.ru/material/news/economy_without_virus/special_payment_rules_are_approved_for_those_who_took_children_the_elderly_and_disabled_as_wards_for_temporary_stay_during_the_fight_against_coronavirus.html;6915
https://en.economy.gov.ru/material/news/on_the_threshold_of_cop26_maksim_reshetnikov_held_a_meeting_with_british_ambassador_deborah_bronnert.html;6913
https://en.economy.gov.ru/material/news/maxim_reshetnikov_and_the_japanese_ambassador_to_the_russian_federation_discussed_new_opportunities_for_bilateral_cooperation_in_the_field_of_green_economy.html;6912
https://en.economy.gov.ru/material/news/the_minister_of_economic_development_has_held_a_meeting_with_foreign_investors.html;6912
https://en.economy.gov.ru/material/press/official_position/the_eu_has_taken_the_advantages_of_wto_appellate_body_crisis_to_not_comply_with_energy_adjustments_decision.html;6912
https://en.economy.gov.ru/material/news/sergey_nazarov_the_volume_of_investments_in_the_crimea_increased_in_10_times_for_five_years.html;6910
https://en.economy.gov.ru/material/news/zaselsky_the_national_project_labor_productivity_can_improve_the_efficiency_of_defense_companies_without_extra_investment.html;6910
https://en.economy.gov.ru/material/news/the_law_on_geographical_indications_comes_into_force_in_russia.html;6909
https://en.economy.gov.ru/material/news/anton_tsvetov_asian_countries_remain_russias_priority_economic_partners_after_the_pandemic.html;6905
https://en.economy.gov.ru/material/news/economy_without_virus/head_of_the_ministry_of_economic_development_discussed_measures_to_support_russian_enterprises_with_ruie_members.html;6905
https://en.economy.gov.ru/material/news/fedulov_the_law_on_digital_sandbox_excludes_violation_of_citizens_rights.html;6904
https://en.economy.gov.ru/material/news/economy_without_virus/ministry_of_economic_development_proposed_to_extend_a_deadline_for_introduction_of_new_rules_of_passing_exams_in_state_traffic_safety_inspectorate.html;6902
https://en.economy.gov.ru/material/news/the_ministry_of_economic_development_of_russia_has_registered_the_first_residents_of_the_special_economic_zone_alga.html;6902
https://en.economy.gov.ru/material/news/azer_talybov_economic_relations_between_russia_and_turkey_show_positive_dynamics.html;6901
https://en.economy.gov.ru/material/news/maxim_oreshkin_became_a_member_of_the_supervisory_board_of_the_autonomous_non_commercial_organization_the_platform_for_working_with_entrepreneurs_applications.html;6900
https://en.economy.gov.ru/material/news/polina_kryuchkova_gdp_dynamics_in_2021_will_depend_on_the_implementation_of_the_economic_recovery_plan_and_the_vaccination_rate.html;6898
https://en.economy.gov.ru/material/news/opportunities_to_use_endowment_for_npos_are_extended.html;6896
https://en.economy.gov.ru/material/activities/regional_development/news.html;6895
https://en.economy.gov.ru/material/news/maxim_reshetnikov_the_volume_of_mutual_trade_in_the_eaeu_has_grown_by_35_in_5_years.html;6895
https://en.economy.gov.ru/material/news/peter_zaselsky_new_digital_platform_for_labor_productivity_will_help_automate_production.html;6895
https://en.economy.gov.ru/material/news/the_ministry_of_economic_development_suggests_issuing_licenses_to_foreign_legal_entities.html;6891
https://en.economy.gov.ru/material/news/ministry_of_economic_development_proposes_to_abandon_paper_licenses.html;6890
https://en.economy.gov.ru/material/news/an_investment_development_agency_will_be_created_to_support_the_ippa.html;6888
https://en.economy.gov.ru/material/news/sco_countries_will_exchange_their_best_practices_for_developing_remote_territories.html;6886
https://en.economy.gov.ru/material/news/another_4_sectors_of_the_economy_are_out_of_the_risk_zone.html;6885
https://en.economy.gov.ru/material/news/the_russian_government_has_approved_resolution_on_improving_the_effectiveness_of_regional_gasification_programs.html;6882
https://en.economy.gov.ru/material/news/maxim_reshetnikov_states_the_need_to_increase_international_cooperation_in_vaccine_production.html;6878
https://en.economy.gov.ru/material/news/the_first_resident_of_the_international_medical_cluster_in_skolkovo_will_begin_to_accept_patients.html;6875
https://en.economy.gov.ru/material/news/russia_indicated_noncompliance_of_eu_cobalt_regulations_with_wto_norms.html;6870
https://en.economy.gov.ru/material/activities/national_project_labor_productivity/news.html;6867
https://en.economy.gov.ru/material/news/the_ministry_of_economic_development_of_russia_has_extended_the_deadline_for_preparing_a_report_on_the_results_of_fez_operation_in_crimea.html;6867
https://en.economy.gov.ru/material/news/economy_without_virus/more_than_30_thousand_applications_were_received_for_disinfection_subsidies_for_business_and_sonpo.html;6865
https://en.economy.gov.ru/material/news/maxim_oreshkin_for_increasing_labor_productivity_in_the_economy_it_is_necessary_to_cultivate_culture_of_respect_for_entrepreneurs_profit.html;6865
https://en.economy.gov.ru/material/news/banks_were_offered_to_give_more_easy_term_loans_to_entrepreneurs.html;6864
https://en.economy.gov.ru/material/news/maxim_oreshkin_russia_and_uzbekistan_should_break_new_grounds_in_all_the_areas_of_cooperation.html;6864
https://en.economy.gov.ru/material/news/russian_chinese_standing_working_group_discussed_prospects_for_interregional_investment_cooperation.html;6850
https://en.economy.gov.ru/material/news/the_ministry_of_economic_development_has_kept_steel_exports_to_canada.html;6850
https://en.economy.gov.ru/material/news/the_government_approved_the_extension_of_the_crimean_federal_target_program_until_2024_developed_by_the_ministry_of_economic_development_of_russia.html;6848
https://en.economy.gov.ru/material/departments/d29/news.html;6846
https://en.economy.gov.ru/material/departments/d24/news.html;6845
https://en.economy.gov.ru/material/news/the_special_economic_zone_of_the_saratov_region_is_ready_to_accept_the_first_residents.html;6845
https://en.economy.gov.ru/material/news/the_ministry_of_economic_development_proposes_to_update_the_rules_of_accreditation_for_the_right_to_conduct_non_state_expertise.html;6844
https://en.economy.gov.ru/material/news/a_permanent_water_pipeline_is_considered_to_be_constructed_in_simferopol.html;6843
https://en.economy.gov.ru/material/news/residents_of_the_kaluga_sez_have_created_almost_2_thousand_new_jobs.html;6843
https://en.economy.gov.ru/material/news/an_agreement_on_the_removal_of_a_number_of_trade_barriers_was_reached_at_a_wto_committee_meeting.html;6841
https://en.economy.gov.ru/material/departments/d04/news.html;6837
https://en.economy.gov.ru/material/departments/d14/news.html;6836
https://en.economy.gov.ru/material/news/russian_startups_has_presented_their_solutions_to_singapore_investors.html;6835
https://en.economy.gov.ru/material/news/reshetnikov_fiac_decisions_improve_the_overall_business_climate_in_the_country.html;6831
https://en.economy.gov.ru/material/news/the_ministry_of_economic_development_of_russia_will_invest_in_the_development_of_the_urban_environment_around_the_arkhyz_resort.html;6831
https://en.economy.gov.ru/material/departments/d31/news.html;6830
https://en.economy.gov.ru/material/news/ministry_of_economic_development_of_russia_developed_rules_for_selecting_systemically_important_enterprises_to_provide_targeted_support_measures.html;6830
https://en.economy.gov.ru/material/news/economy_without_virus/deferred_lease_payments_reduced_load_on_businesses_by_7_bln_rubles_head_of_the_ministry_of_economic_development.html;6828
https://en.economy.gov.ru/material/news/the_ministry_of_economic_development_will_determine_the_possibility_of_re_registration_of_international_companies_in_sar_through_third_countries.html;6828
https://en.economy.gov.ru/material/news/ilyushnikova_the_national_sme_development_project_is_being_actively_implemented_in_north_ossetia_.html;6825
https://en.economy.gov.ru/material/news/maxim_reshetnikov_held_a_meeting_with_alok_sharma_chairman_of_cop_26.html;6824
https://en.economy.gov.ru/material/news/economy_without_virus/at_the_initiative_of_the_ministry_of_economic_development_duties_on_the_import_of_certain_essential_goods_to_the_eeu_were_canceled.html;6823
https://en.economy.gov.ru/material/news/entrepreneurs_got_an_opportunity_to_leave_a_feedback_on_the_results_of_an_inspection.html;6817
https://en.economy.gov.ru/material/news/the_ministry_of_economic_development_of_russia_has_discussed_proposals_to_support_the_activities_of_microenterprises_including_family_ones.html;6816
https://en.economy.gov.ru/material/news/peter_zaselsky_remote_work_allowed_quickly_rebuilding_the_business_processes_of_enterprises.html;6812
https://en.economy.gov.ru/material/news/economy_without_virus/the_government_regularized_the_ability_to_process_allowances_and_payments_remotely.html;6809
https://en.economy.gov.ru/material/news/mikhail_rasstrigin_sophisticated_tools_are_needed_to_stimulate_oil_industry_development.html;6809
https://en.economy.gov.ru/material/news/vladimir_ilichyov_russia_and_japan_may_cooperate_in_climate_action.html;6809
https://en.economy.gov.ru/material/news/preferential_programs_allowed_to_restructure_loans_for_smes_and_citizens_in_the_amount_of_238_billion_rubles.html;6806
https://en.economy.gov.ru/material/departments/d06/;6805
https://en.economy.gov.ru/material/news/businesses_have_saved_14_billion_rubles_in_rent_payments_thanks_to_state_support.html;6802
https://en.economy.gov.ru/material/news/maxim_reshetnikov_and_krystyna_marty_lang_held_a_working_meeting.html;6802
https://en.economy.gov.ru/material/departments/d37/news.html;6800
https://en.economy.gov.ru/material/news/russia_and_mongolia_have_discussed_the_issues_of_interregional_and_cross_border_cooperation.html;6798
https://en.economy.gov.ru/material/news/the_ministry_of_economic_development_has_developed_a_set_of_bills_on_the_development_of_urban_agglomerations_and_inter_municipal_cooperation.html;6798
https://en.economy.gov.ru/material/news/russia_and_china_have_opened_years_of_scientific_technical_and_innovative_cooperation.html;6797
https://en.economy.gov.ru/material/news/the_president_has_signed_the_law_on_regulatory_sandbox.html;6797
https://en.economy.gov.ru/material/news/the_first_stage_of_the_election_of_the_wto_director_general_has_been_completed.html;6796
https://en.economy.gov.ru/material/news/the_government_has_sent_the_protocol_on_the_protection_of_industrial_designs_to_the_eurasian_patent_convention_for_ratification_to_the_duma.html;6796
https://en.economy.gov.ru/material/news/andrey_kharin_appointed_director_general_of_the_north_caucasus_development_corporation.html;6789
https://en.economy.gov.ru/material/news/m_v_babich_the_formation_of_equal_conditions_for_economic_activity_dictates_the_need_to_harmonize_responsibility_for_violations_of_the_union_law.html;6788
https://en.economy.gov.ru/material/news/pyotr_zaselsky_in_4_years_169_enterprises_of_leningrad_region_will_join_the_labour_productivity_national_project.html;6786
https://en.economy.gov.ru/material/departments/d09/news.html;6784
https://en.economy.gov.ru/material/news/thailand_let_down_the_bars_on_imports_of_hot_rolled_flat_products_in_rolls_and_sheets_including_from_russia.html;6783
https://en.economy.gov.ru/material/activities/investment_activity/news.html;6782
https://en.economy.gov.ru/material/news/andrey_belousov_russia_is_creating_a_large_digital_platform_for_improving_labor_productivity.html;6782
https://en.economy.gov.ru/material/news/new_special_economic_zones_will_be_created_in_the_omsk_region_and_krasnoyarsk_territory.html;6782
https://en.economy.gov.ru/material/news/tatyana_ilyushnikova_the_ministry_of_economic_development_expects_a_recovery_in_the_number_of_people_employed_in_the_economy_in_2021.html;6780
https://en.economy.gov.ru/material/news/the_ministry_of_economic_development_will_allow_residents_of_special_administrative_regions_to_issue_different_types_of_shares.html;6780
https://en.economy.gov.ru/material/structure/galkin/khrapkov/;6780
https://en.economy.gov.ru/material/activities/technological_development/?page=;6779
https://en.economy.gov.ru/material/news/the_ministry_of_economic_development_has_agreed_to_advance_work_on_the_launch_of_the_srfs_synchrotron.html;6779
https://en.economy.gov.ru/material/news/maxim_oreshkin_russias_competencies_will_assist_african_countries_to_achieve_their_targets.html;6778
https://en.economy.gov.ru/material/news/ministry_of_economic_development_proposes_to_allow_governors_to_exempt_businesses_from_inspections.html;6777
https://en.economy.gov.ru/material/news/the_government_is_interested_in_redevelopment_of_urban_centers.html;6773
https://en.economy.gov.ru/material/news/the_ministry_of_economic_development_of_russia_has_agreed_on_treatment_facilities_for_capital_construction.html;6773
https://en.economy.gov.ru/material/news/ministry_of_economic_development_started_a_series_of_meetings_with_ncfd_republics_executives.html;6771
https://en.economy.gov.ru/material/news/the_federation_council_has_approved_the_draft_law_on_three_dimensional_models_of_registered_intellectual_property_objects.html;6771
https://en.economy.gov.ru/material/news/on_november_28_2019_minister_of_economic_development_of_the_russian_federation_maxim_oreshkin_approved_the_federal_targeted_investment_program_ftip_for_2020_and_for_the_planning_period_2021_and_2022.html;6769
https://en.economy.gov.ru/material/news/the_ministry_of_eonomic_development_proposes_to_grant_registrars_the_right_to_maintain_and_store_lists_of_llc_participants.html;6768
https://en.economy.gov.ru/material/news/andrei_ivanov_support_measures_should_primarily_target_projects_involving_private_investment.html;6763
https://en.economy.gov.ru/material/news/economy_without_virus/near_29_thousand_agreements_on_deferment_reduction_or_exemption_from_rent_executed_across_the_country.html;6761
https://en.economy.gov.ru/material/news/upcoming_xii_wto_ministerial_conference_was_discussed_in_davos.html;6760
https://en.economy.gov.ru/material/departments/d18/?page=;6758
https://en.economy.gov.ru/material/news/kulibin_sez_is_ready_to_receive_the_first_residents.html;6758
https://en.economy.gov.ru/material/news/high_level_russian_saudi_strategic_cooperation_program_signed.html;6756
https://en.economy.gov.ru/material/news/certain_labor_law_rules_will_apply_to_npos_in_the_same_way_as_micro_and_small_enterprises.html;6754
https://en.economy.gov.ru/material/news/economy_without_virus/businesses_have_been_supported_with_salaries_of_almost_1_trillion_rubles.html;6754
https://en.economy.gov.ru/material/news/the_public_discussion_of_the_list_of_indicators_for_calculating_standards_in_housing_and_utilities_sector_has_started.html;6753
https://en.economy.gov.ru/material/news/the_heads_of_government_of_russia_and_china_have_discussed_cooperation_issues_at_the_25th_scheduled_meeting.html;6752
https://en.economy.gov.ru/material/news/ilya_torosov_for_a_sustainable_recovery_after_covid_19_countries_need_to_exchange_experience_on_the_green_track.html;6750
https://en.economy.gov.ru/material/news/newly_developed_guidelines_for_assessing_the_effectiveness_of_the_implementation_of_measures_for_energy_saving_and_energy_efficiency_in_industry.html;6748
https://en.economy.gov.ru/material/news/the_ministry_of_economic_development_will_assist_the_regions_in_launching_investment_projects.html;6748
https://en.economy.gov.ru/material/news/economy_without_virus/the_state_duma_has_passed_in_the_first_reading_the_draft_laws_that_ensure_the_accuracy_of_information_in_the_usrle_uniform_state_register_of_legal_entitie_when_participants_break_ranks_with_llc.html;6744
https://en.economy.gov.ru/material/news/alexander_vdovin_it_is_necessary_to_create_a_new_data_management_system_in_control_supervision.html;6743
https://en.economy.gov.ru/material/departments/d22/news.html;6741
https://en.economy.gov.ru/material/news/maksim_oreshkin_we_plan_to_increase_trade_with_india_up_to_30_billion_by_2025.html;6739
https://en.economy.gov.ru/material/activities/state_management/news.html;6738
https://en.economy.gov.ru/material/news/the_project_of_the_ministry_of_economic_development_your_control_has_become_the_champion_of_the_wsis_prizes_2020.html;6737
https://en.economy.gov.ru/material/news/maxim_reshetnikov_and_andrey_vorobyov_have_discussed_the_development_of_the_moscow_region.html;6736
https://en.economy.gov.ru/material/news/maxim_reshetnikov_discussed_trade_and_investment_cooperation_with_the_french_minister_of_the_economy_finance_and_recovery.html;6734
https://en.economy.gov.ru/material/press/;6732
https://en.economy.gov.ru/material/news/economy_without_virus/affected_smes_may_get_interest_free_loans_to_support_employment.html;6731
https://en.economy.gov.ru/material/news/economy_without_virus/the_ministry_of_economic_development_proposes_not_to_apply_penalties_to_tenants_for_early_termination_of_the_contract.html;6726
https://en.economy.gov.ru/material/departments/d07/?page=;6725
https://en.economy.gov.ru/material/departments/d07/news.html;6723
https://en.economy.gov.ru/material/departments/d08/news.html;6723
https://en.economy.gov.ru/material/news/alexey_khersontsev_the_state_license_plate_can_be_selected_when_registering_a_car.html;6719
https://en.economy.gov.ru/material/news/the_government_has_submitted_to_the_state_duma_a_draft_law_to_simplify_the_procedure_for_state_registration_of_businesses.html;6719
https://en.economy.gov.ru/material/press/official_position/the_ministry_of_economic_development_has_denied_media_reports_of_a_sharp_drop_in_income.html;6717
https://en.economy.gov.ru/material/news/the_ministry_of_economic_development_of_russia_proposes_to_transfer_the_authority_to_control_sro_to_the_federal_service_for_environmental_technological_and_nuclear_oversight_of_russia.html;6715
https://en.economy.gov.ru/material/news/maxim_reshetnikov_the_ministry_of_economic_development_supports_the_program_of_strategic_academic_leadership_of_russian_universities.html;6713
https://en.economy.gov.ru/material/news/economy_without_virus/ministry_of_economic_development_has_prepared_rules_for_subsidizing_banks_in_connection_with_deferral_for_payments_from_smes.html;6712
https://en.economy.gov.ru/material/news/maxim_reshetnikov_russias_economy_in_2020_has_proved_more_resilient_than_originally_estimated.html;6710
https://en.economy.gov.ru/material/news/economy_without_virus/ministry_of_economic_development_forwards_experts_to_increase_in_production_of_manufacturers_of_medical_protection_products.html;6708
https://en.economy.gov.ru/material/news/russias_permanent_representative_to_the_wto_appointed_to_chair_one_of_the_organizations_committees.html;6702
https://en.economy.gov.ru/material/news/the_government_strengthens_control_over_the_measures_within_the_framework_of_the_business_climate_transformation.html;6700
https://en.economy.gov.ru/material/news/the_mechanism_of_receiving_subsidies_for_infrastructure_in_the_ippa_framework_will_be_simplified.html;6700
https://en.economy.gov.ru/material/news/economy_without_virus/government_will_allocate_another_116_bln_rubles_for_2_lending_program.html;6699
https://en.economy.gov.ru/material/news/maxim_reshetnikov_has_discussed_the_possibility_of_creating_an_innovative_science_and_technology_center_istc_in_the_field_of_nuclear_development_in_obninsk.html;6699
https://en.economy.gov.ru/material/news/economy_without_virus/ministry_of_economic_development_proposed_an_additional_package_of_support_measures_for_socially_oriented_npos.html;6697
https://en.economy.gov.ru/material/news/the_ministry_of_economic_development_updates_the_state_program_for_the_development_of_the_north_caucasus_federal_district.html;6694
https://en.economy.gov.ru/material/departments/d28/news.html;6689
https://en.economy.gov.ru/material/news/in_six_months_more_than_12_thousand_outdated_acts_have_been_invalidated_as_part_of_the_regulatory_guillotine_.html;6683
https://en.economy.gov.ru/material/news/economy_without_virus/the_ministry_of_economic_development_expanded_list_of_public_services_provided_online.html;6681
https://en.economy.gov.ru/material/news/dmitry_vakhrukov_it_is_necessary_to_balance_sources_of_financing_for_res_support_to_minimize_the_load_on_the_wholesale_electricity_market.html;6680
https://en.economy.gov.ru/material/news/the_ministry_of_economic_development_of_russia_has_prepared_changes_to_the_factory_of_project_financing.html;6677
https://en.economy.gov.ru/material/press/official_position/98_of_businesses_that_have_taken_concessional_loans_kept_jobs_tatyana_ilyushnikova.html;6674
https://en.economy.gov.ru/material/news/dmitry_volvach_has_been_appointed_deputy_minister_of_economic_development_of_the_russian_federation.html;6669
https://en.economy.gov.ru/material/news/farmers_participating_in_the_national_project_labour_productivity_obtained_simplified_access_to_preferential_loans.html;6668
https://en.economy.gov.ru/material/news/australia_opens_access_to_russian_ammonium_nitrate_after_20_years_of_anti_dumping_measure.html;6667
https://en.economy.gov.ru/material/about/;6664
https://en.economy.gov.ru/material/news/ministry_of_economic_development_of_russia_and_ministries_of_finance_of_abkhazia_and_south_ossetia_executed_international_agreements_to_provide_financial_assistance_to_republics_on_the_russian_side.html;6661
https://en.economy.gov.ru/material/news/maxim_oreshkin_launched_a_construction_of_gaz_plant_in_azerbaijan.html;6659
https://en.economy.gov.ru/material/activities/macroeconomics/news.html;6658
https://en.economy.gov.ru/material/news/energy_companies_approved_a_new_structure_for_regulating_and_controlling_sros_in_the_field_of_energy_survey.html;6654
https://en.economy.gov.ru/material/news/economy_without_virus/the_list_of_strategic_enterprises_includes_more_than_11_thousand_organizations.html;6644
https://en.economy.gov.ru/material/news/the_procedure_for_phytosanitary_control_in_the_territory_of_the_eurasian_economic_union_has_been_simplified.html;6644
https://en.economy.gov.ru/material/departments/d23/news.html;6639
https://en.economy.gov.ru/material/news/economy_without_virus/russian_government_approved_deferment_of_property_tax_for_lessors.html;6638
https://en.economy.gov.ru/material/activities/ministry_efficiency/;6637
https://en.economy.gov.ru/material/structure/khersontsev/vdovin/;6632
https://en.economy.gov.ru/material/appeals/ministry_of_economic_development_of_russia_does_not_exercise_the_authority_for_coordination_and_control_over_activities_of_the_federal_service_for_state_registration_cadastre_and_cartography_any_more.html;6630
https://en.economy.gov.ru/material/departments/d18/news.html;6630
https://en.economy.gov.ru/material/news/the_ministry_of_economic_development_will_work_out_a_mechanism_for_writing_off_preferential_loans_for_businesses.html;6621
https://en.economy.gov.ru/material/news/eaeu_and_singapore_signed_free_trade_agreement.html;6620
https://en.economy.gov.ru/material/news/the_ministry_of_economic_development_has_prepared_a_bill_to_resolve_the_problem_of_shareholders_loss.html;6619
https://en.economy.gov.ru/material/news/be_broadly_sympathetic_to_the_idea_the_supreme_eurasian_economic_council_has_approved_the_draft_strategic_directions_for_the_development_of_the_eurasian_integration_until_2025.html;6618
https://en.economy.gov.ru/material/news/the_seec_summit_has_approved_the_main_guidelines_for_the_eeus_macroeconomic_policy_for_2020_2021.html;6617
https://en.economy.gov.ru/material/news/economy_without_virus/the_head_of_the_ministry_of_economic_development_considers_it_necessary_to_maintain_a_minimum_number_of_business_inspections.html;6614
https://en.economy.gov.ru/material/news/hotels_cultural_and_educational_institutions_automobile_centers_and_manufacturers_of_essential_goods_were_listed_as_systemically_important_enterprises.html;6614
https://en.economy.gov.ru/material/news/the_department_of_analytical_support_of_foreign_economic_activity_has_begun_its_work_in_the_ministry_of_economic_development.html;6614
https://en.economy.gov.ru/material/news/vladimir_ilichyov_joins_commission_on_russias_participation_in_g20.html;6609
https://en.economy.gov.ru/material/news/ministry_of_economic_development_of_russia_rated_regions_according_to_ppp_development_level_for_2019.html;6608
https://en.economy.gov.ru/material/news/the_ministry_of_economic_development_of_russia_has_approved_the_new_board_of_directors_of_the_north_caucasus_development_corporation.html;6608
https://en.economy.gov.ru/material/news/stic_vorobyovy_gory_will_be_engaged_in_developments_in_the_field_of_artificial_intelligence.html;6604
https://en.economy.gov.ru/material/news/ministry_of_economic_development_of_russia_developed_a_bill_to_reduce_risks_of_unjustifiable_criminal_prosecution_of_innovative_and_high_tech_companies.html;6599
https://en.economy.gov.ru/material/news/the_draft_law_on_regulating_the_activities_of_tour_guides_guides_interpreters_and_instructors_guides_has_been_adopted_in_the_first_reading.html;6598
https://en.economy.gov.ru/material/news/tatyana_ilyushnikova_is_included_in_the_council_for_strategic_development_and_implementation_of_national_projects_in_moscow.html;6596
https://en.economy.gov.ru/material/news/mikhail_babich_has_headed_the_board_of_directors_of_resorts_of_the_north_caucasus.html;6590
https://en.economy.gov.ru/material/news/the_ministry_of_economic_development_will_provide_an_opportunity_for_jsc_to_conduct_an_online_physical_meeting_of_shareholders.html;6590
https://en.economy.gov.ru/material/news/regarding_the_third_round_of_negotiations_with_the_republic_of_korea_on_the_draft_services_and_investment_free_trade_agreement.html;6589
https://en.economy.gov.ru/material/news/economy_without_virus/maxim_reshetnikov_reported_automatical_prolongation_of_more_than_1_mln_licenses_in_russia.html;6587
https://en.economy.gov.ru/material/news/ministry_of_economic_development_of_russia_suggested_to_collect_biometrics_through_the_msc.html;6582
https://en.economy.gov.ru/material/news/ilya_torosov_has_announced_the_active_formation_of_a_national_system_for_regulating_greenhouse_gas_emissions.html;6574
https://en.economy.gov.ru/material/news/uk_ends_five_eu_anti_dumping_measures_on_its_territory.html;6573
https://en.economy.gov.ru/material/departments/d03/?page=;6571
https://en.economy.gov.ru/material/news/economy_without_virus/head_of_ministry_of_economic_development_forecasts_gdp_growth_of_about_3_in_2022.html;6563
https://en.economy.gov.ru/material/news/the_state_duma_has_approved_the_law_on_simplified_cessation_of_membership.html;6560
https://en.economy.gov.ru/material/news/the_state_duma_has_supported_the_bill_on_the_right_of_private_experts_to_conduct_an_examination_as_part_of_the_provision_of_mandatory_services.html;6556
https://en.economy.gov.ru/material/news/the_sub_committee_on_customs_tariff_and_non_tariff_regulation_has_supported_the_reduction_of_duties_on_a_number_of_goods.html;6552
https://en.economy.gov.ru/material/news/mandatory_requirements_to_civic_research_development_and_engineering_works_developers_may_be_cancelled.html;6550
https://en.economy.gov.ru/material/news/the_law_on_changing_the_management_of_vebrf_system_has_been_adopted.html;6549
https://en.economy.gov.ru/material/news/a_new_project_was_approved_by_the_project_finance_factory.html;6546
https://en.economy.gov.ru/material/news/economy_without_virus/maxim_reshetnikov_business_support_measures_will_have_long_term_effect_on_employment_stabilization.html;6546
https://en.economy.gov.ru/material/structure/ilichyov/shchur-trukhanovich/;6539
https://en.economy.gov.ru/material/structure/khersontsev/zlobin/;6538
https://en.economy.gov.ru/material/news/russia_and_saudi_arabia_step_up_work_on_an_investment_promotion_agreement.html;6537
https://en.economy.gov.ru/material/structure/ilichev/shchur-trukhanovich/;6537
https://en.economy.gov.ru/material/news/from_february_1_russia_introduces_an_export_duty_on_soybeans_of_30_but_not_less_than_165_euros_per_ton.html;6535
https://en.economy.gov.ru/material/departments/d27/news.html;6532
https://en.economy.gov.ru/material/news/7_sectors_of_the_economy_are_out_of_the_risk_zone.html;6529
https://en.economy.gov.ru/material/news/economy_without_virus/we_need_to_quickly_adopt_amendments_to_the_legislation_on_remote_employment_belousov_believes.html;6529
https://en.economy.gov.ru/material/news/the_ministry_of_economic_development_will_expand_the_capabilities_of_international_funds_in_the_sar.html;6529
https://en.economy.gov.ru/material/structure/nazarov/pavlov/;6529
https://en.economy.gov.ru/material/structure/ilyushnikova/sorokin/;6525
https://en.economy.gov.ru/material/news/leasing_regulator_was_discussed_at_the_tpu_site.html;6524
https://en.economy.gov.ru/material/news/the_updating_of_the_national_project_small_and_medium_sized_businesses_and_support_for_individual_business_initiatives_is_aimed_at_achieving_public_deliverables.html;6521
https://en.economy.gov.ru/material/departments/d32/;6517
https://en.economy.gov.ru/material/activities/technological_development/news.html;6515
https://en.economy.gov.ru/material/news/the_ministry_of_economic_development_has_developed_a_new_methodology_for_assessing_the_activity_efficiency_of_the_executive_authorities_of_the_constituent_entities_of_the_russian_federation_in_implementing_a_standard_for_the_promotion_of_competition.html;6513
https://en.economy.gov.ru/material/news/determination_of_requirements_for_reducing_energy_and_water_consumption_was_postponed_to_september_30.html;6512
https://en.economy.gov.ru/material/structure/kryuchkova/tyupyshev/;6503
https://en.economy.gov.ru/material/news/a_methodology_for_calculating_the_gdp_energy_intensity_has_been_developed.html;6502
https://en.economy.gov.ru/material/structure/volvach/gudin/;6502
https://en.economy.gov.ru/material/structure/nazarov/gudin/;6498
https://en.economy.gov.ru/material/news/the_ministry_of_economic_development_will_fix_the_mechanism_for_implementing_mixed_and_combined_reorganizations_of_economic_communities_at_the_level_of_special_laws.html;6492
https://en.economy.gov.ru/material/press/official_position/the_ministry_of_economic_development_considers_it_important_to_work_out_the_issue_of_reducing_acquiring_for_smes.html;6490
https://en.economy.gov.ru/material/structure/nazarov/khranowsky/;6490
https://en.economy.gov.ru/material/structure/fedulov/sultanov/;6487
https://en.economy.gov.ru/material/news/it_is_planned_to_zero_import_duties_on_attraction_equipment_offset_plates_and_viscose_fibers_that_are_not_produced_in_the_russian_federation.html;6485
https://en.economy.gov.ru/material/news/guidelines_for_regions_on_energy_saving_and_energy_efficiency_increase_have_been_developed.html;6481
https://en.economy.gov.ru/material/structure/khersontsev/litvak/;6480
https://en.economy.gov.ru/material/structure/galkin/smirnov/;6478
https://en.economy.gov.ru/material/departments/d33/;6464
https://en.economy.gov.ru/material/sontacts/;6442
https://en.economy.gov.ru/material/departments/d08/?page=;6439
https://en.economy.gov.ru/material/news/economy_without_virus/soft_loans_approved_by_banks_at_2_to_businesses_and_so_ngos_will_support_about_2_million_people.html;6435
https://en.economy.gov.ru/material/structure/nazarov/beksultanov/;6432
https://en.economy.gov.ru/material/structure/torosov/bobylev/;6428
https://en.economy.gov.ru/material/news/the_ministry_of_economic_development_together_with_the_russian_venture_company_rvc_creates_a_venture_fund_to_support_advanced_educational_technologies_of_digital_economy.html;6427
https://en.economy.gov.ru/material/press/official_position/the_ministry_of_economic_development_will_track_the_share_of_smes_accepting_payments_through_the_fast_payment_system.html;6422
https://en.economy.gov.ru/material/structure/ivanov/molodtsov/;6410
https://en.economy.gov.ru/material/structure/torosov/kolesnikov/;6409
https://en.economy.gov.ru/material/news/economy_without_virus/ministry_of_economic_development_proposed_to_cancel_the_audit_of_socially_oriented_npos_till_the_end_of_2020.html;6400
https://en.economy.gov.ru/material/appeals/ministry_of_economic_development_of_russia_switches_personal_reception_of_the_citizens_to_distal_mode.html;6397
https://en.economy.gov.ru/material/structure/fedulov/;6390
https://en.economy.gov.ru/material/structure/ilichyov/stapran/;6390
https://en.economy.gov.ru/material/structure/ilichev/stapran/;6388
https://en.economy.gov.ru/material/structure/volvach/fyodorov/;6373
https://en.economy.gov.ru/material/structure/galkin/degtyarev/;6371
https://en.economy.gov.ru/material/structure/torosov/vakhrukov/;6370
https://en.economy.gov.ru/material/news/general_meetings_of_llc_in_2020_can_be_held_in_absentia.html;6365
https://en.economy.gov.ru/material/news/economy_without_virus/reshetnikov_trust_between_citizens_and_the_state_has_grown_significantly_in_recent_months.html;6363
https://en.economy.gov.ru/material/news/maxim_reshetnikov_appointed_as_governor_for_russia_at_ebrd.html;6359
https://en.economy.gov.ru/material/activities/strategic_planning/;6354
https://en.economy.gov.ru/material/structure/minister/;6337
https://en.economy.gov.ru/material/structure/ilichev/dianov/;6335
https://en.economy.gov.ru/material/news/economy_without_virus/reshetnikov_supported_the_idea_of_easing_the_terms_for_preferential_lending_to_backbone_enterprises.html;6334
https://en.economy.gov.ru/material/press/contacts_of_the_public_affairs_office/;6334
https://en.economy.gov.ru/material/structure/ilichyov/dianov/;6331
https://en.economy.gov.ru/material/structure/kryuchkova/grigoriev/;6323
https://en.economy.gov.ru/material/news/the_ministry_of_economic_development_supported_the_introduction_of_a_quota_for_grain_exports_from_the_russian_federation.html;6319
https://en.economy.gov.ru/material/structure/nazarov/granovsky/;6314
https://en.economy.gov.ru/material/structure/ilichev/melnikova/;6312
https://en.economy.gov.ru/material/structure/ilichyov/melnikova/;6311
https://en.economy.gov.ru/material/departments/d29/?page=;6309
https://en.economy.gov.ru/material/departments/d16/?page=;6301
https://en.economy.gov.ru/material/structure/ilichyov/mayorova/;6295
https://en.economy.gov.ru/material/structure/ilichev/mayorova/;6293
https://en.economy.gov.ru/material/structure/fedulov/pushkin/;6292
https://en.economy.gov.ru/material/structure/volvach/nesterchuk/;6291
https://en.economy.gov.ru/material/press/official_position/med_the_carbon_tax_mechanism_is_not_defined.html;6277
https://en.economy.gov.ru/material/press/official_position/the_ministry_of_economic_development_of_russia_the_introduction_of_a_new_tax_is_not_discussed.html;6277
https://en.economy.gov.ru/material/structure/volvach/;6275
https://en.economy.gov.ru/material/departments/d27/?page=;6273
https://en.economy.gov.ru/material/activities/macroeconomics/?page=;6271
https://en.economy.gov.ru/material/departments/d21/;6260
https://en.economy.gov.ru/material/press/responses_to_media_queries/;6248
https://en.economy.gov.ru/material/structure/nazarov/;6234
https://en.economy.gov.ru/material/news/maxim_reshetnikov_joined_the_government_commission_on_digital_development.html;6231
https://en.economy.gov.ru/material/structure/galkin/egorov/;6210
https://en.economy.gov.ru/material/structure/fedulov/maslov/;6209
https://en.economy.gov.ru/material/structure/ivanov/;6204
https://en.economy.gov.ru/material/structure/khersontsev/;6203
https://en.economy.gov.ru/material/structure/kryuchkova/vlasova/;6199
https://en.economy.gov.ru/material/departments/d16/news.html;6191
https://en.economy.gov.ru/material/structure/fedulov/tikhonov/;6172
https://en.economy.gov.ru/material/structure/torosov/;6160
https://en.economy.gov.ru/search/?q={search_term_string};6155
https://en.economy.gov.ru/material/departments/d17/?page=;6152
https://en.economy.gov.ru/material/press/official_position/ministry_of_economic_development_bloombergs_analysis_of_inflation_in_russia_is_speculative.html;6149
https://en.economy.gov.ru/material/structure/nazarov/kurenkova/;6144
https://en.economy.gov.ru/material/structure/torosov/tsakhoev/;6138
https://en.economy.gov.ru/material/structure/ilichyov/;6117
https://en.economy.gov.ru/material/structure/ilichev/;6114
https://en.economy.gov.ru/search/;6113
https://en.economy.gov.ru/material/departments/d34/;6080
https://en.economy.gov.ru/material/appeals/?page=;6064
https://en.economy.gov.ru/material/appeals/materials.html;6054
https://en.economy.gov.ru/material/structure/ilyushnikova/;6031
https://en.economy.gov.ru/material/structure/fedulov/puchko/;6009
https://en.economy.gov.ru/material/structure/galkin/;6007
https://en.economy.gov.ru/material/departments/d20/;5993
https://en.economy.gov.ru/material/structure/kryuchkova/;5992
https://en.economy.gov.ru/material/structure/torosov/beshtoev/;5991
https://en.economy.gov.ru/material/departments/d35/;5988
https://en.economy.gov.ru/material/structure/fedulov/simonenko/;5984
https://en.economy.gov.ru/material/departments/d17/news.html;5978
https://en.economy.gov.ru/material/departments/d06/?page=;5975
https://en.economy.gov.ru/material/structure/torosov/kirevnin/;5974
https://en.economy.gov.ru/material/structure/fedulov/dyubanov/;5961
https://en.economy.gov.ru/material/news/maxim_reshetnikov_trade_turnover_with_brazil_in_9_months_exceeded_2020_figures_by_183.html;5955
https://en.economy.gov.ru/material/structure/khersontsev/gershanok/;5954
https://en.economy.gov.ru/material/structure/khersontsev/kazmerchuk/;5949
https://en.economy.gov.ru/material/structure/galkin/nikiforov/;5935
https://en.economy.gov.ru/material/structure/ilyushnikova/dadayan/;5927
https://en.economy.gov.ru/material/departments/d28/?page=;5923
https://en.economy.gov.ru/utils/smirequest/-1/;5820
https://en.economy.gov.ru/material/departments/d23/?page=;5800
https://en.economy.gov.ru/material/departments/d36/;5795
https://en.economy.gov.ru/material/activities/human_capital/news.html;5766
https://en.economy.gov.ru/material/departments/d06/news.html;5746
https://en.economy.gov.ru/material/departments/d02/news.html;5745
https://en.economy.gov.ru/material/structure/ivanov/shatybelko/;5744
https://en.economy.gov.ru/utils/mailmessage/-1/;5735
https://en.economy.gov.ru/material/departments/d03/news.html;5691
https://en.economy.gov.ru/search/description/;5560
https://en.economy.gov.ru/widget/cl/material/departaments?page=2;2357
https://en.economy.gov.ru/subscribe/;1221
