http://morflot.ru/;20402
http://kovrovii@morflot.ru/;20495
https://morflot.ru/;5802
https://morflot.ru/administrator_dohodov/asu_tk.html;9249
https://morflot.ru/deyatelnost/administrator_dohodov.html;7279
https://morflot.ru/deyatelnost/monitoring_ftsp_rts.html;7329
https://morflot.ru/deyatelnost/zakazchik-zastroyschik/modernizatsiya_beregovyih_proizvodstvennyih_obyektov_i_soorujeniy.html;6006
https://morflot.ru/news/novosti/n2684.html;6913
https://morflot.ru/news/novosti/n2687.html;7100
https://www.morflot.ru/novosti/lenta/n5487.html;5600
https://www.morflot.ru/novosti/lenta/n5493.html;5603
https://www.morflot.ru/novosti/lenta/n5495.html;5601
https://www.morflot.ru/novosti/lenta/n5496.html;5601
https://www.morflot.ru/novosti/lenta/n5499.html;5503
https://morflot.ru/ob_organizatsii.html;4704
https://morflot.ru/ob_organizatsii/istoriya.html;5464
https://morflot.ru/ob_organizatsii/novosti.html;6353
https://morflot.ru/ob_organizatsii/struktura.html;4761
https://morflot.ru/protivodeystvie_korruptsii/metodicheskie_materialyi.html;5749
https://morflot.ru/protivodeystvie_korruptsii/normativnyie_pravovyie_i_inyie_aktyi.html;5687
